Id,WeekId
e8cf72ed-c469-49a0-985e-02a746d0a85e,28712772-8857-4cda-b5c6-97243ceb8b8d
a5b6d7f9-fb57-4fbe-ae22-1f39ca6bd920,28712772-8857-4cda-b5c6-97243ceb8b8d
26abf4da-abbb-4396-8538-e174d9736760,28712772-8857-4cda-b5c6-97243ceb8b8d
d1f315fd-272e-4dd9-80f1-0ea196fabea4,28712772-8857-4cda-b5c6-97243ceb8b8d
4f05d928-549c-45cb-98c6-6d3d746cdd73,28712772-8857-4cda-b5c6-97243ceb8b8d
8a9fe2d1-9ffe-471a-851d-f9d05fcc4b40,28712772-8857-4cda-b5c6-97243ceb8b8d
97e8e95d-cba9-4b8d-b7d9-fe424a2f3220,28712772-8857-4cda-b5c6-97243ceb8b8d
7dde1aad-b71e-4d62-9e89-6da4a9bc2b57,28712772-8857-4cda-b5c6-97243ceb8b8d
739e06dd-8ae3-4e51-a2eb-9467cde3d527,28712772-8857-4cda-b5c6-97243ceb8b8d
7189616a-2fdf-4d65-b6b8-68066a2758c3,28712772-8857-4cda-b5c6-97243ceb8b8d
dce876c8-5d3f-4cdd-813d-a9165c29720c,28712772-8857-4cda-b5c6-97243ceb8b8d
dd7c1c13-d4e5-4bb4-b24d-18f511ac1288,28712772-8857-4cda-b5c6-97243ceb8b8d
6ee5619f-8fc6-4581-8e3d-2100e5cf595b,28712772-8857-4cda-b5c6-97243ceb8b8d
fd45d456-894d-4c47-8f6e-c965c7f7365c,28712772-8857-4cda-b5c6-97243ceb8b8d
b25fef72-1f6a-4b3b-90c8-648edc19d9cb,28712772-8857-4cda-b5c6-97243ceb8b8d
5e165d04-882b-4657-a734-4f1500dee6a9,28712772-8857-4cda-b5c6-97243ceb8b8d
3b6681af-0598-4f7b-9d76-7cde0f35c5d0,15889a6d-02e1-430d-8ec7-6fd230f7ac6d
d8edb9a8-7055-44fc-b28b-ee1c9492cf86,15889a6d-02e1-430d-8ec7-6fd230f7ac6d
e5fce4bd-c720-4c17-96f1-f40f714e834f,15889a6d-02e1-430d-8ec7-6fd230f7ac6d
fa207a3e-6aaa-429c-9a90-fd3df331fe12,15889a6d-02e1-430d-8ec7-6fd230f7ac6d
4e8eb30f-ee00-4689-9199-9e9c85cb6b63,15889a6d-02e1-430d-8ec7-6fd230f7ac6d
54c165e7-db5e-4b7a-abfd-e42d1629c733,15889a6d-02e1-430d-8ec7-6fd230f7ac6d
871c011a-65ad-477a-897b-1f1e19bdc5ea,15889a6d-02e1-430d-8ec7-6fd230f7ac6d
de8f4568-d7d0-47a1-8a37-066cc4ffe001,15889a6d-02e1-430d-8ec7-6fd230f7ac6d
b7bd1a72-6c85-4f97-8633-c95d6302c34e,15889a6d-02e1-430d-8ec7-6fd230f7ac6d
680378c6-a0a6-410e-97be-058ca7237996,15889a6d-02e1-430d-8ec7-6fd230f7ac6d
43e961f5-fb15-4b66-b5bd-937c036da478,15889a6d-02e1-430d-8ec7-6fd230f7ac6d
947e3041-3df3-4b6e-96cd-01f0b6f24e2c,15889a6d-02e1-430d-8ec7-6fd230f7ac6d
6007b961-23da-4922-ade3-bde35f4adbec,15889a6d-02e1-430d-8ec7-6fd230f7ac6d
dc94793c-a294-4747-82a0-7cb01ca35de3,15889a6d-02e1-430d-8ec7-6fd230f7ac6d
cc75888c-17e6-4145-9064-1a785eab4311,15889a6d-02e1-430d-8ec7-6fd230f7ac6d
835f7071-3faa-4bb1-a28b-abda8838707c,15889a6d-02e1-430d-8ec7-6fd230f7ac6d
7484c1a7-8ee4-47f7-a7a9-6b1d53e5cb93,28e66e25-251d-4abf-ae49-d4578c165447
2391e9ec-de15-45a7-956c-f360e742b58c,28e66e25-251d-4abf-ae49-d4578c165447
798a4abd-314c-4d5b-9b6e-d55fc42fe4fc,28e66e25-251d-4abf-ae49-d4578c165447
f849f171-66df-4055-8acb-4d9dafcc5585,28e66e25-251d-4abf-ae49-d4578c165447
e65837f3-f5c9-45a8-b505-e2b0782777f8,28e66e25-251d-4abf-ae49-d4578c165447
e3dc9ac4-729c-40a0-8a2d-d6ac3df945c1,28e66e25-251d-4abf-ae49-d4578c165447
d8718810-5ce8-4d88-b718-3108d5ddd6da,28e66e25-251d-4abf-ae49-d4578c165447
e13cb92c-fd83-4765-baf1-58a140445fbf,28e66e25-251d-4abf-ae49-d4578c165447
cd3400ba-e29e-44a7-9bdf-49b471a10b30,fbb56ea2-0f3d-4fcb-b84e-51c00ff86cdc
bb720517-f56f-43c3-9489-f51d1c86c96b,fbb56ea2-0f3d-4fcb-b84e-51c00ff86cdc
3803af61-902d-4639-8b43-48a41fd18366,28e66e25-251d-4abf-ae49-d4578c165447
5185b435-4a01-4ce2-a5c4-7046911c1e52,28e66e25-251d-4abf-ae49-d4578c165447
4a47ee45-8c8e-492f-8ebc-7bf4e479051d,7ba4f060-e7bc-4aa3-8574-e167b4c8712e
f9af188a-75d0-41bc-b82a-dcdf2cc28c4d,28e66e25-251d-4abf-ae49-d4578c165447
56862bd6-6b08-41e9-840b-4775de59db65,fbb56ea2-0f3d-4fcb-b84e-51c00ff86cdc
fb1ef338-4379-44d4-bba8-fc09a6057715,fbb56ea2-0f3d-4fcb-b84e-51c00ff86cdc
98d35470-1a01-494e-96eb-e7ac7d3662be,fbb56ea2-0f3d-4fcb-b84e-51c00ff86cdc
4ec0e419-3c99-42b5-bbc4-ee47fb2510aa,fbb56ea2-0f3d-4fcb-b84e-51c00ff86cdc
5c364a0e-aa26-4609-b7e0-f73e86441b6c,fbb56ea2-0f3d-4fcb-b84e-51c00ff86cdc
e7c3e496-8557-4f7f-9ba7-a71c8949c1cc,fbb56ea2-0f3d-4fcb-b84e-51c00ff86cdc
51c975ed-6978-473e-a6f0-fc529b5401b9,fbb56ea2-0f3d-4fcb-b84e-51c00ff86cdc
0defb533-1532-4922-b543-08c8e34a5934,fbb56ea2-0f3d-4fcb-b84e-51c00ff86cdc
bdb9343d-dd31-4311-b8c4-212d619f8091,fbb56ea2-0f3d-4fcb-b84e-51c00ff86cdc
283352dd-d3da-4f0a-b459-36ef5e8b9432,fbb56ea2-0f3d-4fcb-b84e-51c00ff86cdc
552dc91a-20e8-4600-ad91-16dac9c3c96d,fbb56ea2-0f3d-4fcb-b84e-51c00ff86cdc
8d95d6f3-a8f0-42e3-94eb-2bd38a79076a,fbb56ea2-0f3d-4fcb-b84e-51c00ff86cdc
f07626d8-cbda-4c1a-9841-cf6d9aab8ce2,fbb56ea2-0f3d-4fcb-b84e-51c00ff86cdc
812f2052-ced6-437d-84ab-c844065d50c4,28e66e25-251d-4abf-ae49-d4578c165447
94b2dad7-deff-4115-ac52-20eb735c572c,da0bfe01-a5c7-4f8d-8ffc-e75e3a796499
6b06e64d-5a60-46bc-ab9c-1070153ced04,da0bfe01-a5c7-4f8d-8ffc-e75e3a796499
4b2ff7ea-ad95-4f0c-9e42-f34565988e93,da0bfe01-a5c7-4f8d-8ffc-e75e3a796499
d420af8f-9c67-4b35-9d23-63e3ab49b386,da0bfe01-a5c7-4f8d-8ffc-e75e3a796499
6b181c6b-f7a7-4d6a-af3a-2c9da83254c8,da0bfe01-a5c7-4f8d-8ffc-e75e3a796499
85a20972-043d-4c05-b985-ff466cec316f,da0bfe01-a5c7-4f8d-8ffc-e75e3a796499
aba7e47e-0a84-4bce-afc5-3ff2fa0a6eb6,da0bfe01-a5c7-4f8d-8ffc-e75e3a796499
a31ec3ed-d6ac-478a-887c-9ff87e2c6fe5,da0bfe01-a5c7-4f8d-8ffc-e75e3a796499
e9eb1f9a-db7d-4721-b101-7a5266e40649,da0bfe01-a5c7-4f8d-8ffc-e75e3a796499
e04d5a9f-de43-42c6-bba0-e45b2f6a0737,da0bfe01-a5c7-4f8d-8ffc-e75e3a796499
dd050ec3-984a-4001-9427-2fff3bcb970c,da0bfe01-a5c7-4f8d-8ffc-e75e3a796499
5fd47947-3a9e-4798-a607-32537a3d105c,da0bfe01-a5c7-4f8d-8ffc-e75e3a796499
25e6a2a8-9347-4ce9-9383-b01b89c1d311,da0bfe01-a5c7-4f8d-8ffc-e75e3a796499
0d922248-5ad1-4e58-9089-fb4aa8fa82ad,da0bfe01-a5c7-4f8d-8ffc-e75e3a796499
31cc6642-b505-43ea-8463-56d062fc2df7,da0bfe01-a5c7-4f8d-8ffc-e75e3a796499
35a9e3c9-e865-4a43-822c-0f06f86dc2f9,da0bfe01-a5c7-4f8d-8ffc-e75e3a796499
15002dda-58c5-460d-955f-6bb0a0bca2c6,be17519d-6f65-47b2-acef-83d788166e0b
e32ba056-b313-410d-8c82-899307941dd7,be17519d-6f65-47b2-acef-83d788166e0b
6af50835-75c9-4175-a122-6285b9d26cc4,be17519d-6f65-47b2-acef-83d788166e0b
951e6f95-a88d-4018-8b45-4073094a858a,be17519d-6f65-47b2-acef-83d788166e0b
dcf66396-3c1b-45d1-b71a-824e2fb7a4a0,be17519d-6f65-47b2-acef-83d788166e0b
1952a320-0b23-4ca7-ae16-03529f92aa47,be17519d-6f65-47b2-acef-83d788166e0b
db7b3b01-df28-4f0d-9c3a-a00486825eeb,be17519d-6f65-47b2-acef-83d788166e0b
59e6cc00-11de-4e69-b32f-fd260bb16cbe,be17519d-6f65-47b2-acef-83d788166e0b
96b1c042-f11f-4a0f-b29d-7060027fbfa0,be17519d-6f65-47b2-acef-83d788166e0b
69f526a9-0d92-4971-8de5-261374fd85d3,be17519d-6f65-47b2-acef-83d788166e0b
f0234ea1-c5a1-43e4-bd1b-eabcba556b98,be17519d-6f65-47b2-acef-83d788166e0b
e061cd03-9e43-4acc-84c4-bc7600258f32,be17519d-6f65-47b2-acef-83d788166e0b
038cb9e4-ef37-4b22-8aa7-a98560415adb,be17519d-6f65-47b2-acef-83d788166e0b
bc10dc06-7b34-43d0-b003-d2d20d9de225,be17519d-6f65-47b2-acef-83d788166e0b
607c8e7e-21df-46df-a62e-1e038f79ca0a,be17519d-6f65-47b2-acef-83d788166e0b
a79e76bb-e7f9-46e3-abd3-73a8730ade77,be17519d-6f65-47b2-acef-83d788166e0b
ec1bf87a-3a70-4bc9-b6b4-61f3ee4c6e19,7ba4f060-e7bc-4aa3-8574-e167b4c8712e
308a6331-2d4b-40c1-b15d-d856519e1e50,7ba4f060-e7bc-4aa3-8574-e167b4c8712e
7160387f-037b-4f13-8d81-01b3654bfc3e,7ba4f060-e7bc-4aa3-8574-e167b4c8712e
c385bf14-4f15-47b8-8c40-307a14bb2ade,7ba4f060-e7bc-4aa3-8574-e167b4c8712e
78661e69-c1cd-42b5-a395-d95228a94916,7ba4f060-e7bc-4aa3-8574-e167b4c8712e
050368df-d4b6-4714-9225-da4f5fe30a6a,7ba4f060-e7bc-4aa3-8574-e167b4c8712e
cda9acbb-1517-4881-9616-caac0321b0a3,7ba4f060-e7bc-4aa3-8574-e167b4c8712e
accf7ba6-f110-416d-9600-d927a7a9eda6,7ba4f060-e7bc-4aa3-8574-e167b4c8712e
46a6cbf6-71c9-43db-aef3-4f6ade3846e0,7ba4f060-e7bc-4aa3-8574-e167b4c8712e
dfa4bdff-5497-429a-8011-c44335418f2b,7ba4f060-e7bc-4aa3-8574-e167b4c8712e
92728809-cdbc-4af2-8fcb-9b47254044ed,7ba4f060-e7bc-4aa3-8574-e167b4c8712e
e8daa40f-8a21-403e-9e49-68c54c8c1722,7ba4f060-e7bc-4aa3-8574-e167b4c8712e
a907ebca-0627-4914-8b21-8d3b6985d86c,73ac012e-8eea-48d8-b40f-9fabca024d68
d6fa1606-4380-45b1-86da-dd6505634f95,73ac012e-8eea-48d8-b40f-9fabca024d68
65dc9fbd-a5b8-41ae-be50-d6034fd6934e,7ba4f060-e7bc-4aa3-8574-e167b4c8712e
3aebc06c-4c49-42b4-9544-33c4db4aaf66,7ba4f060-e7bc-4aa3-8574-e167b4c8712e
1dadc075-ad8a-4175-8079-d0f13ded61e7,bf21e110-094c-4ca8-95de-da5d21ae340f
f3c34070-70f2-4091-a512-1468d3224361,bf21e110-094c-4ca8-95de-da5d21ae340f
fa5af7d4-b9cc-43e4-90b2-99e8a394641f,bf21e110-094c-4ca8-95de-da5d21ae340f
ef352b48-03dd-45a0-988b-04b4b097ba22,bf21e110-094c-4ca8-95de-da5d21ae340f
e2f89f82-4a4a-461b-b01f-9f89279969af,bf21e110-094c-4ca8-95de-da5d21ae340f
4cfe51eb-f3da-4fab-897e-236fca7039a6,bf21e110-094c-4ca8-95de-da5d21ae340f
77b26762-baf9-4d73-bc5d-b408b2c30a54,bf21e110-094c-4ca8-95de-da5d21ae340f
89f622da-f351-464d-a566-09e45fe50485,bf21e110-094c-4ca8-95de-da5d21ae340f
fc2bc779-d5ea-4e1e-a8d6-f9b813e4cdb1,bf21e110-094c-4ca8-95de-da5d21ae340f
62f0c6cc-9c26-4ce8-b1e1-f3b715c16617,bf21e110-094c-4ca8-95de-da5d21ae340f
a6b0fbbd-7a11-4f16-8910-daaaa178c768,bf21e110-094c-4ca8-95de-da5d21ae340f
77976d58-005c-40cf-b167-f5656bde70b6,bf21e110-094c-4ca8-95de-da5d21ae340f
40b43e74-271b-4fd2-8f2c-92d3141b252d,bf21e110-094c-4ca8-95de-da5d21ae340f
26ebb0a8-edce-4dce-b870-e07ac93af5db,bf21e110-094c-4ca8-95de-da5d21ae340f
d32ec459-e0c7-455b-8e68-d3862c51b2ff,bf21e110-094c-4ca8-95de-da5d21ae340f
8f004e87-288c-4a41-9389-e9500239d675,bf21e110-094c-4ca8-95de-da5d21ae340f
5338b4af-e657-4f86-9615-d2ff55a31e83,8dff2caf-fb9c-48ef-8a43-8e6dd4715fde
6548a568-a1b9-4138-9367-ddb223275cc7,8dff2caf-fb9c-48ef-8a43-8e6dd4715fde
da3f22ea-a9f1-402c-9e23-9699bc324a47,8dff2caf-fb9c-48ef-8a43-8e6dd4715fde
6938b7e1-55d2-49d0-8e31-b4ba41de2d6e,8dff2caf-fb9c-48ef-8a43-8e6dd4715fde
30e25227-1a08-4317-8b9e-d5a0a265d3b4,8dff2caf-fb9c-48ef-8a43-8e6dd4715fde
fa872520-ae59-4dae-a145-9498baa821b3,8dff2caf-fb9c-48ef-8a43-8e6dd4715fde
f73b4f12-7fef-44a6-931e-e41127c416c9,8dff2caf-fb9c-48ef-8a43-8e6dd4715fde
e9ccbbd2-1a66-4fab-8afc-0d14ae69a6ec,8dff2caf-fb9c-48ef-8a43-8e6dd4715fde
a6c43b56-4477-4577-8add-9827e526b01c,8dff2caf-fb9c-48ef-8a43-8e6dd4715fde
13add9f0-96d9-4f6e-b192-197494332ac4,8dff2caf-fb9c-48ef-8a43-8e6dd4715fde
e14a93a6-6118-4538-9f59-ff71d1b245c2,8dff2caf-fb9c-48ef-8a43-8e6dd4715fde
839c71e9-4a66-423c-9277-54ef17b6af37,8dff2caf-fb9c-48ef-8a43-8e6dd4715fde
aef17c0c-cd06-4ded-a985-6173181fb8bf,8dff2caf-fb9c-48ef-8a43-8e6dd4715fde
73bd025a-4a12-4bba-be76-2f3e98c79043,8dff2caf-fb9c-48ef-8a43-8e6dd4715fde
581d811f-39ca-4a4e-ad3f-51dbe30da9dc,8dff2caf-fb9c-48ef-8a43-8e6dd4715fde
ca7e621c-2301-4dab-b72b-3568e6d3bc4d,8dff2caf-fb9c-48ef-8a43-8e6dd4715fde
f75ed9e2-c5db-42ac-a697-332fdd1b497f,5ae042b1-f224-4296-ba84-0dd3c4ad879e
398cb569-1629-40a7-beb1-2019f2c79bd7,5ae042b1-f224-4296-ba84-0dd3c4ad879e
1acccb89-b3c9-489c-b027-4add40723fd9,5ae042b1-f224-4296-ba84-0dd3c4ad879e
29de91d1-9224-4cc2-9aa8-d25cab01757e,d12fc4ef-d944-42c9-9854-94f52554b8fe
b5d11a9d-2f69-483c-87d7-c91b10283bb6,d12fc4ef-d944-42c9-9854-94f52554b8fe
096090ee-d659-4342-a439-39c2cb19cde5,d12fc4ef-d944-42c9-9854-94f52554b8fe
7a810432-e358-4a4d-82a5-e3714969e5a2,d12fc4ef-d944-42c9-9854-94f52554b8fe
0b19b4dd-cb15-478d-a6c6-b7be4b1dcfd7,d12fc4ef-d944-42c9-9854-94f52554b8fe
356e44da-d18a-463e-ac82-69f4dbc4ef27,d12fc4ef-d944-42c9-9854-94f52554b8fe
5e91744b-985b-4e75-96d1-bb98c6167176,d12fc4ef-d944-42c9-9854-94f52554b8fe
4aaea77a-0a08-49c0-a7bb-84d12e40b252,d12fc4ef-d944-42c9-9854-94f52554b8fe
733938bd-23e8-44e8-aa32-3418623f8687,d12fc4ef-d944-42c9-9854-94f52554b8fe
5c48845a-068d-4439-8968-62e478653ec7,d12fc4ef-d944-42c9-9854-94f52554b8fe
6ebf38ea-c85d-4444-837a-4fbda82dac6c,d12fc4ef-d944-42c9-9854-94f52554b8fe
4ae7ddeb-0a7f-46e7-b960-4b2ed1948bd5,d12fc4ef-d944-42c9-9854-94f52554b8fe
ae9daf60-227b-436e-bf69-bbd3a67ed5bf,73ac012e-8eea-48d8-b40f-9fabca024d68
a64a41c8-75f1-4a1f-b6f1-f37da76d2f22,d12fc4ef-d944-42c9-9854-94f52554b8fe
3cf87120-a91d-49e2-801f-40bbaec6d0b1,73ac012e-8eea-48d8-b40f-9fabca024d68
505ae087-405a-4cbc-9af4-769594a21704,5ae042b1-f224-4296-ba84-0dd3c4ad879e
e2d8d607-78a6-4ef5-8314-1e7d8c65743b,5ae042b1-f224-4296-ba84-0dd3c4ad879e
f1ffb81b-cf43-4cf4-94fc-64016418b4d3,5ae042b1-f224-4296-ba84-0dd3c4ad879e
289540d9-1c99-4fce-889b-91b116b3b294,5ae042b1-f224-4296-ba84-0dd3c4ad879e
ca560200-8981-4669-a637-1caf8208c5b3,5ae042b1-f224-4296-ba84-0dd3c4ad879e
dedd9bfd-ee45-4911-b0b7-ca3fa4b79b82,5ae042b1-f224-4296-ba84-0dd3c4ad879e
4c3e3bdc-8e31-45d0-8167-0bdb5d9731f9,5ae042b1-f224-4296-ba84-0dd3c4ad879e
38aa3612-91c2-4572-9d1c-30a14b2efe09,5ae042b1-f224-4296-ba84-0dd3c4ad879e
98473b5e-165c-4bac-85ac-2b0c8f2e8390,5ae042b1-f224-4296-ba84-0dd3c4ad879e
c5e0ceba-b499-4135-b579-9d4e414e0d5d,5ae042b1-f224-4296-ba84-0dd3c4ad879e
4e022685-8923-4f09-9330-568403530f12,5ae042b1-f224-4296-ba84-0dd3c4ad879e
71a9db4e-ddf8-4cf8-af19-5c9b1e7c274e,5ae042b1-f224-4296-ba84-0dd3c4ad879e
6faa726c-2b1f-4884-b7a2-02bdd16e1ee9,5ae042b1-f224-4296-ba84-0dd3c4ad879e
8d1c2250-1d60-4fcf-993a-acfa5c4b5d4b,fb9135f1-f9ab-4254-ad60-3f0bb15af5e8
8bf178ab-995a-4657-b9f2-d1bddaf22fd9,fb9135f1-f9ab-4254-ad60-3f0bb15af5e8
5a2a123f-9c94-4836-9a7a-6869a75add38,fb9135f1-f9ab-4254-ad60-3f0bb15af5e8
03d140ef-dfdb-4960-9347-7c2d6204444a,fb9135f1-f9ab-4254-ad60-3f0bb15af5e8
b70cb8f3-0a39-4fc3-8d98-7910feb39607,fb9135f1-f9ab-4254-ad60-3f0bb15af5e8
862e3d25-117a-4b63-bf0c-796d0dca954a,fb9135f1-f9ab-4254-ad60-3f0bb15af5e8
332ae30f-9e68-4ed1-9bdb-d3ff184fa41c,fb9135f1-f9ab-4254-ad60-3f0bb15af5e8
ed6b0499-65cc-4661-a246-ff24070850dd,fb9135f1-f9ab-4254-ad60-3f0bb15af5e8
0bf322b4-7d64-4d54-8a53-df8d4c5bbf7c,fb9135f1-f9ab-4254-ad60-3f0bb15af5e8
36df1f1e-bccc-4f56-b9fb-b4f32beac3dd,fb9135f1-f9ab-4254-ad60-3f0bb15af5e8
218d11dd-f5e7-4245-8b19-cbddffec34a4,fb9135f1-f9ab-4254-ad60-3f0bb15af5e8
3f9502f1-ed3d-4f46-8f89-b2dd81dda200,fb9135f1-f9ab-4254-ad60-3f0bb15af5e8
1fb04fbd-e228-47c4-b8fd-8bb458d8d04b,fb9135f1-f9ab-4254-ad60-3f0bb15af5e8
37ef9eca-5b79-4e16-ad04-5bfb24e1de19,fb9135f1-f9ab-4254-ad60-3f0bb15af5e8
787eb94b-01a4-48e6-a815-c2c0e160bf44,fb9135f1-f9ab-4254-ad60-3f0bb15af5e8
f715117b-8870-4cc7-9db9-5c897a59094e,fb9135f1-f9ab-4254-ad60-3f0bb15af5e8
82814324-fccb-45a6-b601-f898669a82cc,29b8b160-fd28-4ab3-a24b-681475609019
c5af3d4c-1e8d-40ea-866f-c3be85401079,29b8b160-fd28-4ab3-a24b-681475609019
53941e77-6861-44b8-b19c-ed1a310acc6d,29b8b160-fd28-4ab3-a24b-681475609019
9f9e6f86-3f2b-4d1b-b636-ede13a7a07a7,29b8b160-fd28-4ab3-a24b-681475609019
c3e89d99-bf23-4f6a-ae6c-980f69b3852f,29b8b160-fd28-4ab3-a24b-681475609019
ab119da0-1e71-4004-9b28-cabd0e0d0857,29b8b160-fd28-4ab3-a24b-681475609019
c3a05ee6-51da-4a95-b476-fc3d3446b359,29b8b160-fd28-4ab3-a24b-681475609019
56892343-bbb0-4041-bfca-818638caec0b,29b8b160-fd28-4ab3-a24b-681475609019
20b3f1f4-9545-4924-8994-f7dfc9dc504b,29b8b160-fd28-4ab3-a24b-681475609019
a2195176-05a5-4b8b-bc95-6770e6ecae80,29b8b160-fd28-4ab3-a24b-681475609019
93605412-b4da-40dc-a8c8-5bd09013da4c,29b8b160-fd28-4ab3-a24b-681475609019
b07d7f99-ebdb-480b-8d56-6faabf881a51,29b8b160-fd28-4ab3-a24b-681475609019
2a0e5584-7ac8-4d1b-a810-727698e29762,29b8b160-fd28-4ab3-a24b-681475609019
0a6be063-23dd-4787-b1d0-6216556ec713,29b8b160-fd28-4ab3-a24b-681475609019
fa59c8b4-4eeb-4b08-bc56-6aa305a441f9,29b8b160-fd28-4ab3-a24b-681475609019
35346da4-6d2a-4e8b-904d-134474facd1b,29b8b160-fd28-4ab3-a24b-681475609019
64d1c653-004c-482c-b663-714c2b180590,5a04ede5-84d1-4c3b-a121-240cef26417d
5b754c32-d84f-4430-a13e-a4c7b4987af2,5a04ede5-84d1-4c3b-a121-240cef26417d
62f0a4c7-9c47-438b-a02f-0af0fece6d32,5a04ede5-84d1-4c3b-a121-240cef26417d
fe83e22b-1f31-4ed4-bce9-0e4ea664a2c7,5a04ede5-84d1-4c3b-a121-240cef26417d
4466802e-14af-4928-9b43-bdc01cd00018,5a04ede5-84d1-4c3b-a121-240cef26417d
4a0b7b77-761a-487c-bd44-45e617561b85,5a04ede5-84d1-4c3b-a121-240cef26417d
f67f5e41-6e0b-4bb8-80c9-712ebf44258d,5a04ede5-84d1-4c3b-a121-240cef26417d
e155f2f1-ac77-4886-8747-d1350567c0c5,5a04ede5-84d1-4c3b-a121-240cef26417d
fc6fded2-8c6f-454a-8419-3399d6dc4075,5a04ede5-84d1-4c3b-a121-240cef26417d
aa64095c-1216-452b-8593-f4fb2a58d2d3,5a04ede5-84d1-4c3b-a121-240cef26417d
d90d74ea-952e-4a99-9cc3-86b5b21b6b47,5a04ede5-84d1-4c3b-a121-240cef26417d
7c219ce3-20f1-4054-8a44-53319d4a6553,5a04ede5-84d1-4c3b-a121-240cef26417d
526fc236-f618-4d33-b3ae-e17b8d91397a,5a04ede5-84d1-4c3b-a121-240cef26417d
265bdec6-c7d7-4fea-8150-a0f80e66fe38,5a04ede5-84d1-4c3b-a121-240cef26417d
b5e7ccb8-1dcf-49cb-ae3d-ce7c0605fbec,5a04ede5-84d1-4c3b-a121-240cef26417d
25b0c46f-e98e-41e3-acfd-f859381c8246,5a04ede5-84d1-4c3b-a121-240cef26417d
83abea79-e165-4bf8-aa8e-f313f1b7a0e2,329cb95b-8b7f-4705-9643-fd6a43702c5d
a4f3ec37-ddc6-48bb-88aa-74631b178649,329cb95b-8b7f-4705-9643-fd6a43702c5d
10cc5192-f8eb-4d47-a214-5e3f935c99e1,329cb95b-8b7f-4705-9643-fd6a43702c5d
a6b44011-4180-452e-9167-c5c6a86a1395,329cb95b-8b7f-4705-9643-fd6a43702c5d
ac1c52f0-46c5-4f79-848a-3292408f5a4d,329cb95b-8b7f-4705-9643-fd6a43702c5d
f2de6d9f-7ad4-4608-831c-dd180e6cd26c,329cb95b-8b7f-4705-9643-fd6a43702c5d
08e9e9b7-439b-4a8e-babb-e1d1c4afe2de,329cb95b-8b7f-4705-9643-fd6a43702c5d
021ffa6b-b865-48bc-b37e-a7803f6b1a85,329cb95b-8b7f-4705-9643-fd6a43702c5d
2792e23d-5c09-41e1-b556-ae91ace8d189,329cb95b-8b7f-4705-9643-fd6a43702c5d
4d00dd8d-f8e9-49c1-bee6-fcf0910a5d84,329cb95b-8b7f-4705-9643-fd6a43702c5d
c90bdb63-02a0-491b-89bc-ae404a75c1e6,329cb95b-8b7f-4705-9643-fd6a43702c5d
c031aacc-6731-4c26-91fd-77f9e68d86da,329cb95b-8b7f-4705-9643-fd6a43702c5d
835f1025-0b38-4662-900d-c7ef95994189,329cb95b-8b7f-4705-9643-fd6a43702c5d
064ba172-e4d9-40ef-8131-53442e386c92,329cb95b-8b7f-4705-9643-fd6a43702c5d
639bc8fa-7832-4017-a774-b293ebf85c0b,329cb95b-8b7f-4705-9643-fd6a43702c5d
6d4b0293-4e83-4366-a5d8-a6e707fbf3a8,329cb95b-8b7f-4705-9643-fd6a43702c5d
023911eb-bee8-40a6-8063-0fed7eae6099,53e3c311-9ee3-41cb-843a-ef0edac60ebf
8c812923-5db2-4463-953c-acfd36d0f2d5,53e3c311-9ee3-41cb-843a-ef0edac60ebf
f4c702a8-3285-4129-9a54-7a0beeb376bc,53e3c311-9ee3-41cb-843a-ef0edac60ebf
92da9f37-7ac0-46d0-b87f-1fca6b58b743,53e3c311-9ee3-41cb-843a-ef0edac60ebf
14adc26a-2b94-4922-9aa6-124828e0e6f1,53e3c311-9ee3-41cb-843a-ef0edac60ebf
e5a12f59-e472-44b8-a060-8309d6e6f00a,53e3c311-9ee3-41cb-843a-ef0edac60ebf
0b73b0f9-5722-4767-a06a-17702d5fb84f,53e3c311-9ee3-41cb-843a-ef0edac60ebf
b1e3db68-4487-4220-be7d-a666fdd72415,53e3c311-9ee3-41cb-843a-ef0edac60ebf
c8c8b8fb-fda5-4fe4-b6e2-a6af63f01fd3,53e3c311-9ee3-41cb-843a-ef0edac60ebf
2033b183-347b-43c5-bb21-109e877a65a4,53e3c311-9ee3-41cb-843a-ef0edac60ebf
e4560203-ebde-4865-9abb-9fe5f341c004,53e3c311-9ee3-41cb-843a-ef0edac60ebf
4ac82797-15b1-4838-9910-e9a04491e538,53e3c311-9ee3-41cb-843a-ef0edac60ebf
6ca6b6c8-7fa5-473d-b791-4eedf40e64f4,53e3c311-9ee3-41cb-843a-ef0edac60ebf
335cf0dc-8eef-46f3-b1eb-10506ea488ec,53e3c311-9ee3-41cb-843a-ef0edac60ebf
a5ad96a2-9952-4e3a-b109-c8c2b0e9efb3,53e3c311-9ee3-41cb-843a-ef0edac60ebf
6f66b230-e10b-4950-8dc7-d8b1fc2b667e,53e3c311-9ee3-41cb-843a-ef0edac60ebf
303d1b39-6021-4062-8117-41b213b57be5,26d3892d-d17e-4110-b92b-21d4c90e046e
a0061b82-0598-4a0a-a6ce-551b84e54d0b,26d3892d-d17e-4110-b92b-21d4c90e046e
2cfd8ec3-2732-49bf-ac0c-7dcb4e7acd77,26d3892d-d17e-4110-b92b-21d4c90e046e
747ece0c-b74b-4bbe-98c0-727a19835c78,26d3892d-d17e-4110-b92b-21d4c90e046e
5acd5a33-0d9a-4121-a4af-25fdf5a1e607,26d3892d-d17e-4110-b92b-21d4c90e046e
6332aef1-9506-445c-b938-edd010e905b5,26d3892d-d17e-4110-b92b-21d4c90e046e
5f4b5b1b-fbec-40d3-9770-2a730a96bf2d,26d3892d-d17e-4110-b92b-21d4c90e046e
b9b08030-8851-4177-986a-81b9a6fcdd24,26d3892d-d17e-4110-b92b-21d4c90e046e
4d077005-fce5-4737-a9b2-9e60528be1e7,26d3892d-d17e-4110-b92b-21d4c90e046e
c68bdc0e-f092-4236-a838-78201e365e60,26d3892d-d17e-4110-b92b-21d4c90e046e
a0dd2eac-9075-45ee-9895-b6d88024c806,26d3892d-d17e-4110-b92b-21d4c90e046e
725d134e-f5fd-4ebf-a265-55e7bb330442,26d3892d-d17e-4110-b92b-21d4c90e046e
8acef092-d3ff-41f4-b6f6-6bb42816a4e3,26d3892d-d17e-4110-b92b-21d4c90e046e
82953cc8-e9cf-4f66-834a-1a186090a6cc,26d3892d-d17e-4110-b92b-21d4c90e046e
81ce8825-2e4c-48f3-acfc-d3f0612a7f35,26d3892d-d17e-4110-b92b-21d4c90e046e
be626b8d-c0c2-412f-8207-64d3d58a05be,26d3892d-d17e-4110-b92b-21d4c90e046e
87e7d900-3660-4bcb-9a91-e85a8ee6a0f7,2ffc1cc8-8bd8-4119-9624-47ebc8094dde
79ad81fe-ac3f-46df-825f-4d40f500e45e,2ffc1cc8-8bd8-4119-9624-47ebc8094dde
85a761de-f102-4c86-aed6-a2f2508cad55,2ffc1cc8-8bd8-4119-9624-47ebc8094dde
f8de915c-1b0e-4909-973d-a986af9ac055,2ffc1cc8-8bd8-4119-9624-47ebc8094dde
faf3aedd-e97d-4ece-8a83-6877a687100f,2ffc1cc8-8bd8-4119-9624-47ebc8094dde
902e3456-f10e-40fd-8c12-acdfc67a3288,2ffc1cc8-8bd8-4119-9624-47ebc8094dde
05d4a288-f11f-4863-a4b4-4a199a970fb4,2ffc1cc8-8bd8-4119-9624-47ebc8094dde
2c144e00-e152-4ce9-b059-004c8290d608,2ffc1cc8-8bd8-4119-9624-47ebc8094dde
1e284a9e-a50a-438e-be6b-57209de42661,2ffc1cc8-8bd8-4119-9624-47ebc8094dde
3f5b0d76-9c35-4ff8-aab1-d78d17737bf2,2ffc1cc8-8bd8-4119-9624-47ebc8094dde
d3348ab9-7ca0-45fe-a241-8c32bb73709a,2ffc1cc8-8bd8-4119-9624-47ebc8094dde
088e7ef4-e0f7-4a8a-8118-7eb86cd02c3f,2ffc1cc8-8bd8-4119-9624-47ebc8094dde
3a00e41b-b74a-4729-a116-35fe8ee580e6,2ffc1cc8-8bd8-4119-9624-47ebc8094dde
a5d82962-8483-46a5-94da-e430b90c77ad,2ffc1cc8-8bd8-4119-9624-47ebc8094dde
71f38020-9d2c-4865-83d3-3ba1fa6abf22,2ffc1cc8-8bd8-4119-9624-47ebc8094dde
298b1f26-d021-4175-a614-63557611fcf4,2ffc1cc8-8bd8-4119-9624-47ebc8094dde
59ccfb59-15f0-460e-8ee0-e746629606d7,7f028994-cb35-4c02-8ce2-5f514410a6cc
b55a22f2-e621-47ac-9164-764405fa9e44,7f028994-cb35-4c02-8ce2-5f514410a6cc
f05c7a57-a0f8-463a-b78a-cea23bbfddd1,7f028994-cb35-4c02-8ce2-5f514410a6cc
74c82f75-b4a0-4ee8-803f-db3d3cd6ec16,7f028994-cb35-4c02-8ce2-5f514410a6cc
2e5b9ff9-83e7-484e-b854-8ff9e59eb9bf,7f028994-cb35-4c02-8ce2-5f514410a6cc
44f101f2-f284-45f6-bc29-242c2e7f96de,7f028994-cb35-4c02-8ce2-5f514410a6cc
059d2ebc-d0ec-4fb8-b50c-d9cee2d21a55,7f028994-cb35-4c02-8ce2-5f514410a6cc
bc23a11b-2831-4a57-8c03-362e1bfabb9c,7f028994-cb35-4c02-8ce2-5f514410a6cc
9b04d171-a67f-4931-a80d-4865abd43b8e,7f028994-cb35-4c02-8ce2-5f514410a6cc
a714b537-b85d-48bf-bf54-5c93e55b50d5,7f028994-cb35-4c02-8ce2-5f514410a6cc
ca17780f-8e6e-46d8-8a29-fbb22ed17dc0,7f028994-cb35-4c02-8ce2-5f514410a6cc
d1cffe5d-4fd3-4633-8e1d-4e96c3f82c07,7f028994-cb35-4c02-8ce2-5f514410a6cc
b052a251-1a09-41f2-bfbd-50652f20954b,7f028994-cb35-4c02-8ce2-5f514410a6cc
0d5115dc-7b66-4b8a-a3c3-7e8eb5984760,7f028994-cb35-4c02-8ce2-5f514410a6cc
cc2a0bf0-e3c2-46f7-a5cc-8628c3a4be57,7f028994-cb35-4c02-8ce2-5f514410a6cc
300aa2f4-3cc8-4c25-93d8-c6a2d8261d11,7f028994-cb35-4c02-8ce2-5f514410a6cc
b36a2d88-1807-4da9-b8fa-0363bea3a7dc,7ba4f060-e7bc-4aa3-8574-e167b4c8712e
3ee586c8-8101-4888-9fbf-0ebc93f99ea6,73ac012e-8eea-48d8-b40f-9fabca024d68
33e534ae-b808-45fe-8306-dffcd3b5be8b,28e66e25-251d-4abf-ae49-d4578c165447
10e6133b-0bd1-4e25-afe9-e73212e94fa3,73ac012e-8eea-48d8-b40f-9fabca024d68
108df94c-1440-4b09-a51a-66b8dbd28609,73ac012e-8eea-48d8-b40f-9fabca024d68
cabb2fec-a9c4-4e4c-910c-8ae380ecd95e,73ac012e-8eea-48d8-b40f-9fabca024d68
07b1f89c-5f33-41b3-aaca-e3d5eede5a27,73ac012e-8eea-48d8-b40f-9fabca024d68
2bcf11fe-27dd-47e4-990c-10e9f3e3790d,73ac012e-8eea-48d8-b40f-9fabca024d68
38152fcf-50b8-4bf7-ad01-f4a5b93decbb,73ac012e-8eea-48d8-b40f-9fabca024d68
bb4aa2b5-61c8-4d1e-ac51-5a4d0870ff6a,73ac012e-8eea-48d8-b40f-9fabca024d68
bc68dfa7-d2f1-460c-9fd2-f8524e941060,73ac012e-8eea-48d8-b40f-9fabca024d68
aa59dcc7-0101-42d0-a431-f5d1e58efebc,73ac012e-8eea-48d8-b40f-9fabca024d68
5c182448-4844-4678-a9a3-6b9d70a0ff46,73ac012e-8eea-48d8-b40f-9fabca024d68
92774ee5-2ee4-4f2e-9264-2406a1a35d20,73ac012e-8eea-48d8-b40f-9fabca024d68
c30b65ba-1fe9-472b-9a2f-57f9e05498f7,d12fc4ef-d944-42c9-9854-94f52554b8fe
e8be5602-d80a-4278-b3a2-9425f93b521b,28e66e25-251d-4abf-ae49-d4578c165447
a4a9ddf2-2813-4bcb-88eb-10dbe81eb03c,28e66e25-251d-4abf-ae49-d4578c165447
81c7dd76-416c-4227-9938-06c73f0159a6,fbb56ea2-0f3d-4fcb-b84e-51c00ff86cdc
5720a070-8593-4dd3-a69e-4b63bf600900,28e66e25-251d-4abf-ae49-d4578c165447
d6574bea-808b-4404-9c44-41c139f1ba53,d12fc4ef-d944-42c9-9854-94f52554b8fe
5dfd52a7-76ad-459c-9b64-02b957fd178a,d12fc4ef-d944-42c9-9854-94f52554b8fe
0e16a1da-966a-436e-9d7d-ba8bc1e09102,73ac012e-8eea-48d8-b40f-9fabca024d68
950fa651-ad30-4747-948e-aa5da83a4cb6,73ac012e-8eea-48d8-b40f-9fabca024d68
c29ed02e-181a-4de5-a2b3-ce4f2825554f,73ac012e-8eea-48d8-b40f-9fabca024d68
0d6911f9-dd01-4fa9-aed5-c2f644db4776,73ac012e-8eea-48d8-b40f-9fabca024d68
6b5c916b-2796-4237-89df-159160e4bbee,73ac012e-8eea-48d8-b40f-9fabca024d68
7db7f998-bf35-4c80-85f5-823fd3dd2aa3,73ac012e-8eea-48d8-b40f-9fabca024d68
43f1d979-b0b0-4770-abd5-e39d8007a760,73ac012e-8eea-48d8-b40f-9fabca024d68
a3278bda-1336-4703-8359-c71e1712c2c3,73ac012e-8eea-48d8-b40f-9fabca024d68
bbe97c85-2d4f-4e41-802e-0efe895f0e3a,73ac012e-8eea-48d8-b40f-9fabca024d68
b718b042-64ed-46bf-ac4b-71efdf116539,73ac012e-8eea-48d8-b40f-9fabca024d68
11b5c762-bdd5-4991-9850-9a0591616579,73ac012e-8eea-48d8-b40f-9fabca024d68
af66e9a7-17eb-4600-bbd8-19d7a376aeb4,73ac012e-8eea-48d8-b40f-9fabca024d68
fb6bcaf7-e580-4f7d-b638-7a2b4ff7f03a,73ac012e-8eea-48d8-b40f-9fabca024d68
2316c23d-9491-4365-bfe8-39254492d702,73ac012e-8eea-48d8-b40f-9fabca024d68
3088257f-d2ed-4df8-a23a-62584438da4d,73ac012e-8eea-48d8-b40f-9fabca024d68
59fc44b0-1974-41a5-8fec-b455acd92c69,73ac012e-8eea-48d8-b40f-9fabca024d68
